track_id,file_name,song_title,artist_name,genre,emotion_category,emotion_subcategory,contributor,standardized_audio_path,standardized_image_path,lyrics_path,congruence_audio_visual,congruence_audio_lyric,master_congruence,z_audio_visual,z_audio_lyric,master_congruence_z
track_001,$0.wav,$0,Cameron Winters,"Folk / Acoustic [Singer-songwriter, Traditional Folk, Americana]","Sadness, Loss & Lament",Grief-stricken / Mourning,Sabria,01_Processed_Data/audio/track_001.wav,01_Processed_Data/images/track_001.jpg,01_Processed_Data/lyrics/track_001.txt,0.073653005,0.036426313,0.05503966,-1.5912918,-1.6816819,-1.6364868
track_002,1245-stripped.wav,12:45 - Stripped,Etham,"Pop [Dance-pop, K-pop, Synth-pop, Teen-pop]","Sadness, Loss & Lament",Bittersweet / Nostalgic,Jazlyn,01_Processed_Data/audio/track_002.wav,01_Processed_Data/images/track_002.jpg,01_Processed_Data/lyrics/track_002.txt,0.21015358,0.1622397,0.18619664,0.4581013,0.39621964,0.42716047
track_003,1999.wav,1999,Charli xcx,"Pop [Dance-pop, K-pop, Synth-pop, Teen-pop]",Vital & Joyful,Amused / Playful,Sabria,01_Processed_Data/audio/track_003.wav,01_Processed_Data/images/track_003.jpg,01_Processed_Data/lyrics/track_003.txt,0.18653667,0.15774038,0.17213853,0.103521615,0.3219101,0.21271586
track_004,360.wav,360,Charli xcx,"Pop [Dance-pop, K-pop, Synth-pop, Teen-pop]",Vital & Joyful,Amused / Playful,Olivia,01_Processed_Data/audio/track_004.wav,01_Processed_Data/images/track_004.jpg,01_Processed_Data/lyrics/track_004.txt,0.0653171,0.17132983,0.11832346,-1.7164453,0.5463498,-0.5850477
track_005,:).wav,:) ,The Japanese House,"Pop [Dance-pop, K-pop, Synth-pop, Teen-pop]",Vital & Joyful,Joyful / Happy,Sabria,01_Processed_Data/audio/track_005.wav,01_Processed_Data/images/track_005.jpg,01_Processed_Data/lyrics/track_005.txt,0.24877775,0.09820429,0.17349102,1.037997,-0.66137266,0.18831217
track_006,a-pearl.wav,A Pearl,Mitski,"Rock [Alternative, Indie, Punk, Grunge, Classic Rock]","Tension, Threat & Aggression",Anxious / Nervous,Sabria,01_Processed_Data/audio/track_006.wav,01_Processed_Data/images/track_006.jpg,01_Processed_Data/lyrics/track_006.txt,0.23632568,0.16019288,0.19825928,0.8510441,0.36241484,0.6067295
track_007,a-trick-of-the-light.wav,A Trick of the light,Villagers,"Folk / Acoustic [Singer-songwriter, Traditional Folk, Americana]","Dreaminess, Curiosity & Ambiguity",Conflicted / Mixed,Jiexin,01_Processed_Data/audio/track_007.wav,01_Processed_Data/images/track_007.jpg,01_Processed_Data/lyrics/track_007.txt,0.07461913,0.09704599,0.08583256,-1.5767865,-0.68050295,-1.1286447
track_008,a-whiter-shade-of-pale.wav,A Whiter Shade of Pale,Procol Harum,"Rock [Alternative, Indie, Punk, Grunge, Classic Rock]","Awe, Beauty & Transcendence",Beautiful / Aesthetic Appreciation,Bowen,01_Processed_Data/audio/track_008.wav,01_Processed_Data/images/track_008.jpg,01_Processed_Data/lyrics/track_008.txt,0.1898609,0.07772761,0.13379425,0.1534309,-0.99956036,-0.42306474
track_009,ain't-it-funny.wav,Aint It Funny ,Danny Brown,"Metal [Heavy Metal, Thrash, Doom, Metalcore, Black Metal]","Tension, Threat & Aggression",Anxious / Nervous,Sabria,01_Processed_Data/audio/track_009.wav,01_Processed_Data/images/track_009.jpg,01_Processed_Data/lyrics/track_009.txt,0.20943888,0.21204525,0.21074206,0.44737086,1.2187953,0.8330831
track_010,air-supply.wav,Air Supply,Sweet Trip,"Rock [Alternative, Indie, Punk, Grunge, Classic Rock]","Dreaminess, Curiosity & Ambiguity",Dreamy / Floating,Sabria,01_Processed_Data/audio/track_010.wav,01_Processed_Data/images/track_010.jpg,01_Processed_Data/lyrics/track_010.txt,0.18694003,0.056985203,0.121962614,0.109577574,-1.3421366,-0.61627954
track_011,all-by-myself.wav,All By Myself,Celine Dion,"Pop [Dance-pop, K-pop, Synth-pop, Teen-pop]","Sadness, Loss & Lament",Grief-stricken / Mourning,Jazlyn,01_Processed_Data/audio/track_011.wav,01_Processed_Data/images/track_011.jpg,01_Processed_Data/lyrics/track_011.txt,0.1970538,0.19305438,0.19505408,0.26142383,0.90514696,0.5832854
track_012,amazing-grace.wav,Amazing Grace,Hayley Westenra,"Classical [Orchestral, Baroque, Chamber, Opera, Romantic]","Awe, Beauty & Transcendence",Transcendent / Spiritual,Jazlyn,01_Processed_Data/audio/track_012.wav,01_Processed_Data/images/track_012.jpg,01_Processed_Data/lyrics/track_012.txt,0.10957329,0.06308285,0.086328074,-1.0519916,-1.2414293,-1.1467104
track_013,anchor.wav,Anchor,Novo Amor,"Folk / Acoustic [Singer-songwriter, Traditional Folk, Americana]","Dreaminess, Curiosity & Ambiguity",Dreamy / Floating,Jiexin,01_Processed_Data/audio/track_013.wav,01_Processed_Data/images/track_013.jpg,01_Processed_Data/lyrics/track_013.txt,0.24703981,0.23307523,0.24005753,1.011904,1.5661211,1.2890126
track_014,anenome.wav,Anemone,Brian Jonestown Massacre,"Rock [Alternative, Indie, Punk, Grunge, Classic Rock]","Tension, Threat & Aggression",Anxious / Nervous,Bowen,01_Processed_Data/audio/track_014.wav,01_Processed_Data/images/track_014.jpg,01_Processed_Data/lyrics/track_014.txt,0.22884884,0.08673685,0.15779285,0.73878837,-0.850766,-0.05598882
track_015,animals.wav,Animals,Muse ,"Rock [Alternative, Indie, Punk, Grunge, Classic Rock]","Tension, Threat & Aggression",Tense / Agitated,Jiexin,01_Processed_Data/audio/track_015.wav,01_Processed_Data/images/track_015.jpg,01_Processed_Data/lyrics/track_015.txt,0.1662773,0.06916192,0.11771961,-0.20064855,-1.141029,-0.6708388
track_016,another-day-of-sun.wav,Another Day of Sun,La La Land Cast,"Jazz [Bebop, Swing, Fusion, Smooth Jazz, Big Band, Blues]",Vital & Joyful,Pumped Up / Energized,Jiexin,01_Processed_Data/audio/track_016.wav,01_Processed_Data/images/track_016.jpg,01_Processed_Data/lyrics/track_016.txt,0.1920183,0.021867398,0.10694285,0.18582174,-1.9221332,-0.8681557
track_017,are-you-bored-yet-(feat.-clairo).wav,Are You Bored Yet (feat. Clairo),Wallows,"Rock [Alternative, Indie, Punk, Grunge, Classic Rock]",Tender & Intimacy,Comforted / Safe,Sabria,01_Processed_Data/audio/track_017.wav,01_Processed_Data/images/track_017.jpg,01_Processed_Data/lyrics/track_017.txt,0.23550268,0.16850922,0.20200595,0.83868766,0.49976534,0.6692265
track_018,au-pays-du-cocaine.wav,Au Pays du Cocaine,Geese,"Folk / Acoustic [Singer-songwriter, Traditional Folk, Americana]","Sadness, Loss & Lament",Sad / Sorrowful,Sabria,01_Processed_Data/audio/track_018.wav,01_Processed_Data/images/track_018.jpg,01_Processed_Data/lyrics/track_018.txt,0.13774483,0.19507337,0.1664091,-0.6290296,0.938492,0.15473121
track_019,bad-guy.wav,Bad Guy,Billie Eilish,"Pop [Dance-pop, K-pop, Synth-pop, Teen-pop]","Tension, Threat & Aggression",Angry / Aggressive,Jiexin,01_Processed_Data/audio/track_019.wav,01_Processed_Data/images/track_019.jpg,01_Processed_Data/lyrics/track_019.txt,0.2708351,0.0901759,0.1805055,1.3691618,-0.7939676,0.28759712
track_020,because-you-loved-me.wav,Because You Loved Me,Celine Dion,"Pop [Dance-pop, K-pop, Synth-pop, Teen-pop]",Tender & Intimacy,Romantic / Loving,Bowen,01_Processed_Data/audio/track_020.wav,01_Processed_Data/images/track_020.jpg,01_Processed_Data/lyrics/track_020.txt,0.19809406,0.15208378,0.17508891,0.27704194,0.22848715,0.25276455
track_021,before-i-sleep.wav,Before I Sleep,Marika Hackman,"Folk / Acoustic [Singer-songwriter, Traditional Folk, Americana]","Tension, Threat & Aggression",Anxious / Nervous,Olivia,01_Processed_Data/audio/track_021.wav,01_Processed_Data/images/track_021.jpg,01_Processed_Data/lyrics/track_021.txt,0.24115162,0.2242279,0.23268977,0.92349976,1.4200009,1.1717503
track_022,believer.wav,Believer,Imagine Dragons,"Rock [Alternative, Indie, Punk, Grunge, Classic Rock]","Tension, Threat & Aggression",Angry / Aggressive,Jiexin,01_Processed_Data/audio/track_022.wav,01_Processed_Data/images/track_022.jpg,01_Processed_Data/lyrics/track_022.txt,0.17193806,0.06020274,0.116070405,-0.11565904,-1.2889966,-0.7023278
track_023,best-part.wav,Best Part,Daniel Caesar feat. H.E.R.,"R&B / Soul [Contemporary R&B, Neo-soul, Funk, Motown, Blues, Reggae]",Tender & Intimacy,Erotic / Sensual,Jiexin,01_Processed_Data/audio/track_023.wav,01_Processed_Data/images/track_023.jpg,01_Processed_Data/lyrics/track_023.txt,0.039635506,0.17335144,0.10649347,-2.1020238,0.5797382,-0.76114285
track_024,better-things.wav,Better Things,aespa,"Pop [Dance-pop, K-pop, Synth-pop, Teen-pop]",Vital & Joyful,Triumphant / Victorious,Olivia,01_Processed_Data/audio/track_024.wav,01_Processed_Data/images/track_024.jpg,01_Processed_Data/lyrics/track_024.txt,0.19158131,0.10295378,0.14726755,0.17926085,-0.5829314,-0.20183527
track_025,bittersweet.wav,bittersweet,Madison Beer,"Pop [Dance-pop, K-pop, Synth-pop, Teen-pop]","Sadness, Loss & Lament",Bittersweet / Nostalgic,Olivia,01_Processed_Data/audio/track_025.wav,01_Processed_Data/images/track_025.jpg,01_Processed_Data/lyrics/track_025.txt,0.33741423,0.122899644,0.23015694,2.368768,-0.2535106,1.0576286
track_026,bloody-samaritan.wav,Bloody Samaritan (Remix),Ayra Starr,"Pop [Dance-pop, K-pop, Synth-pop, Teen-pop]",Vital & Joyful,Pumped Up / Energized,Olivia,01_Processed_Data/audio/track_026.wav,01_Processed_Data/images/track_026.jpg,01_Processed_Data/lyrics/track_026.txt,0.19579452,0.198183,0.19698876,0.24251722,0.9898499,0.6161836
track_027,bloom-bonus-track.wav,Bloom,The Paper Kites,"Rock [Alternative, Indie, Punk, Grunge, Classic Rock]","Dreaminess, Curiosity & Ambiguity",Dreamy / Floating,Bowen,01_Processed_Data/audio/track_027.wav,01_Processed_Data/images/track_027.jpg,01_Processed_Data/lyrics/track_027.txt,0.21788621,0.28273928,0.25031275,0.5741975,2.3863597,1.4802786
track_028,breathe.wav,Breathe,Telepopmusik,"Electronic [EDM, House, Techno, Dubstep, Trance]","Awe, Beauty & Transcendence",Transcendent / Spiritual,Bowen,01_Processed_Data/audio/track_028.wav,01_Processed_Data/images/track_028.jpg,01_Processed_Data/lyrics/track_028.txt,0.06988897,0.07734413,0.07361655,-1.6478041,-1.0058938,-1.326849
track_029,by-this-river.wav,By This River,Brian Eno,"Ambient / Soundtrack [Film Score, Drone, Atmospheric, New Age]","Awe, Beauty & Transcendence",Peaceful / Relaxed,Jiexin,01_Processed_Data/audio/track_029.wav,01_Processed_Data/images/track_029.jpg,01_Processed_Data/lyrics/track_029.txt,0.18614797,0.23261552,0.20938174,0.0976858,1.5585285,0.8281072
track_030,can-you-feel-the-love-tonight.wav,Can you feel the love tonight,Anson Seabra,"Pop [Dance-pop, K-pop, Synth-pop, Teen-pop]",Tender & Intimacy,Romantic / Loving,Jiexin,01_Processed_Data/audio/track_030.wav,01_Processed_Data/images/track_030.jpg,01_Processed_Data/lyrics/track_030.txt,0.20816982,0.17833665,0.19325323,0.4283175,0.6620727,0.5451951
track_031,champion.wav,Champion,Kanye West,"Hip-Hop [Rap, Trap, Boom Bap, Lo-fi, Grime]",Vital & Joyful,Triumphant / Victorious,Sabria,01_Processed_Data/audio/track_031.wav,01_Processed_Data/images/track_031.jpg,01_Processed_Data/lyrics/track_031.txt,0.16454275,0.104541406,0.13454208,-0.22669081,-0.55671054,-0.39170069
track_032,cherry-coloured-funk.wav,Cherry-Coloured Funk,Cocteau Twins,"Ambient / Soundtrack [Film Score, Drone, Atmospheric, New Age]","Awe, Beauty & Transcendence",Peaceful / Relaxed,Sabria,01_Processed_Data/audio/track_032.wav,01_Processed_Data/images/track_032.jpg,01_Processed_Data/lyrics/track_032.txt,0.20889728,0.11499109,0.16194418,0.4392394,-0.38412625,0.027556583
track_033,chihiro.wav,CHIHIRO,Billie Eilish,"Pop [Dance-pop, K-pop, Synth-pop, Teen-pop]","Dreaminess, Curiosity & Ambiguity",Dreamy / Floating,Olivia,01_Processed_Data/audio/track_033.wav,01_Processed_Data/images/track_033.jpg,01_Processed_Data/lyrics/track_033.txt,0.2160485,0.15157865,0.18381357,0.5466064,0.22014448,0.38337547
track_034,chop-suey.wav,Chop Suey!,System Of A Down,"Metal [Heavy Metal, Thrash, Doom, Metalcore, Black Metal]","Tension, Threat & Aggression",Tense / Agitated,Jazlyn,01_Processed_Data/audio/track_034.wav,01_Processed_Data/images/track_034.jpg,01_Processed_Data/lyrics/track_034.txt,0.13609466,0.12819956,0.1321471,-0.6538049,-0.16597852,-0.40989172
track_035,christmas-list.wav,Christmas List,Anson Seabra,"Pop [Dance-pop, K-pop, Synth-pop, Teen-pop]",Tender & Intimacy,Tender / Warm,Jazlyn,01_Processed_Data/audio/track_035.wav,01_Processed_Data/images/track_035.jpg,01_Processed_Data/lyrics/track_035.txt,0.17410313,0.15545422,0.16477868,-0.08315319,0.28415236,0.100499585
track_036,come-away-with-me.wav,Come Away With Me,Norah Jones,"Jazz [Bebop, Swing, Fusion, Smooth Jazz, Big Band, Blues]","Awe, Beauty & Transcendence",Peaceful / Relaxed,Bowen,01_Processed_Data/audio/track_036.wav,01_Processed_Data/images/track_036.jpg,01_Processed_Data/lyrics/track_036.txt,0.23394883,0.1414352,0.18769202,0.8153585,0.052617967,0.43398824
track_037,come-out-and-play.wav,come out and play,Billie Eilish,"R&B / Soul [Contemporary R&B, Neo-soul, Funk, Motown, Blues, Reggae]",Tender & Intimacy,Comforted / Safe,Olivia,01_Processed_Data/audio/track_037.wav,01_Processed_Data/images/track_037.jpg,01_Processed_Data/lyrics/track_037.txt,0.10252695,0.105711974,0.104119465,-1.157784,-0.5373777,-0.84758085
track_038,comethru.wav,comethru,Jeremy Zucker,"Pop [Dance-pop, K-pop, Synth-pop, Teen-pop]",Tender & Intimacy,Romantic / Loving,Jazlyn,01_Processed_Data/audio/track_038.wav,01_Processed_Data/images/track_038.jpg,01_Processed_Data/lyrics/track_038.txt,0.10737836,0.1625229,0.13495064,-1.0849458,0.40089685,-0.34202448
track_039,cruel-summer.wav,Cruel Summer,Taylor Swift,"Pop [Dance-pop, K-pop, Synth-pop, Teen-pop]",Vital & Joyful,Triumphant / Victorious,Jiexin,01_Processed_Data/audio/track_039.wav,01_Processed_Data/images/track_039.jpg,01_Processed_Data/lyrics/track_039.txt,0.23524989,0.18093942,0.20809466,0.83489245,0.7050594,0.7699759
track_040,dancing-in-the-moonlight.wav,Dancing In The Moonlight,King Harvest,"Rock [Alternative, Indie, Punk, Grunge, Classic Rock]",Vital & Joyful,Joyful / Happy,Olivia,01_Processed_Data/audio/track_040.wav,01_Processed_Data/images/track_040.jpg,01_Processed_Data/lyrics/track_040.txt,0.23523505,0.13260579,0.18392041,0.8346696,-0.09320638,0.3707316
track_041,death-with-dignity.wav,Death with Dignity,Sufjan Stevens,"Folk / Acoustic [Singer-songwriter, Traditional Folk, Americana]","Sadness, Loss & Lament",Grief-stricken / Mourning,Olivia,01_Processed_Data/audio/track_041.wav,01_Processed_Data/images/track_041.jpg,01_Processed_Data/lyrics/track_041.txt,0.12157093,0.08731641,0.10444367,-0.87186134,-0.84119415,-0.85652775
track_042,defying-gravity.wav,Defying Gravify ,Idina Menzel,"Pop [Dance-pop, K-pop, Synth-pop, Teen-pop]",Vital & Joyful,Pumped Up / Energized,Bowen,01_Processed_Data/audio/track_042.wav,01_Processed_Data/images/track_042.jpg,01_Processed_Data/lyrics/track_042.txt,0.19534855,0.16957253,0.18246055,0.23582141,0.51732683,0.37657413
track_043,die-with-a-smile.wav,Die With A Smile,"Lady Gaga, Bruno Mars","Pop [Dance-pop, K-pop, Synth-pop, Teen-pop]","Awe, Beauty & Transcendence",Awe / Wonder,Jazlyn,01_Processed_Data/audio/track_043.wav,01_Processed_Data/images/track_043.jpg,01_Processed_Data/lyrics/track_043.txt,0.1803451,0.2573879,0.2188665,0.010562641,1.9676629,0.9891128
track_044,disappear.wav,Disappear,Beyoncé,"Pop [Dance-pop, K-pop, Synth-pop, Teen-pop]","Sadness, Loss & Lament",Melancholic / Brooding,Jiexin,01_Processed_Data/audio/track_044.wav,01_Processed_Data/images/track_044.jpg,01_Processed_Data/lyrics/track_044.txt,0.28632894,0.1779544,0.23214167,1.6017834,0.6557597,1.1287715
track_045,dont-fear-the-reaper.wav,Don't Fear the Reaper,Blue Öyster Cult,"Rock [Alternative, Indie, Punk, Grunge, Classic Rock]","Sadness, Loss & Lament",Grief-stricken / Mourning,Bowen,01_Processed_Data/audio/track_045.wav,01_Processed_Data/images/track_045.jpg,01_Processed_Data/lyrics/track_045.txt,0.23901054,0.08720439,0.16310747,0.89135414,-0.8430443,0.024154931
track_046,down-with-the-sickness.wav,Down with the Sickness,Disturbed,"Metal [Heavy Metal, Thrash, Doom, Metalcore, Black Metal]","Tension, Threat & Aggression",Angry / Aggressive,Bowen,01_Processed_Data/audio/track_046.wav,01_Processed_Data/images/track_046.jpg,01_Processed_Data/lyrics/track_046.txt,0.25168902,0.18888812,0.22028857,1.0817063,0.83633804,0.95902216
track_047,drunk.wav,drunk,keshi,"R&B / Soul [Contemporary R&B, Neo-soul, Funk, Motown, Blues, Reggae]","Sadness, Loss & Lament",Melancholic / Brooding,Jazlyn,01_Processed_Data/audio/track_047.wav,01_Processed_Data/images/track_047.jpg,01_Processed_Data/lyrics/track_047.txt,0.034235597,0.13435028,0.08429294,-2.1830971,-0.064394765,-1.1237459
track_048,everybody-talks.wav,Everybody Talks,Neon Trees,"Rock [Alternative, Indie, Punk, Grunge, Classic Rock]",Vital & Joyful,Amused / Playful,Sabria,01_Processed_Data/audio/track_048.wav,01_Processed_Data/images/track_048.jpg,01_Processed_Data/lyrics/track_048.txt,0.1690172,0.22522463,0.1971209,-0.15951236,1.4364625,0.63847506
track_049,everywhere-everything.wav,"Everywhere, Everything",Noah Kahan,"Folk / Acoustic [Singer-songwriter, Traditional Folk, Americana]",Tender & Intimacy,Tender / Warm,Jiexin,01_Processed_Data/audio/track_049.wav,01_Processed_Data/images/track_049.jpg,01_Processed_Data/lyrics/track_049.txt,0.19135222,0.13424395,0.16279808,0.17582132,-0.06615096,0.054835178
track_050,fields-of-gold-songbird.wav,Fields of Gold,Eva Cassidy ,"Folk / Acoustic [Singer-songwriter, Traditional Folk, Americana]","Awe, Beauty & Transcendence",Awe / Wonder,Bowen,01_Processed_Data/audio/track_050.wav,01_Processed_Data/images/track_050.jpg,01_Processed_Data/lyrics/track_050.txt,0.19961119,0.18548402,0.1925476,0.29981986,0.78011686,0.5399684
track_051,fix-you.wav,Fix You,Coldplay,"Rock [Alternative, Indie, Punk, Grunge, Classic Rock]","Awe, Beauty & Transcendence",Beautiful / Aesthetic Appreciation,Jiexin,01_Processed_Data/audio/track_051.wav,01_Processed_Data/images/track_051.jpg,01_Processed_Data/lyrics/track_051.txt,0.20029698,0.13497706,0.16763702,0.3101163,-0.05404315,0.12803657
track_052,glimpse-of-us.wav,Glimpse of Us,Joji,"Pop [Dance-pop, K-pop, Synth-pop, Teen-pop]","Sadness, Loss & Lament",Sad / Sorrowful,Jazlyn,01_Processed_Data/audio/track_052.wav,01_Processed_Data/images/track_052.jpg,01_Processed_Data/lyrics/track_052.txt,0.11580176,0.17737244,0.1465871,-0.95847857,0.6461481,-0.15616524
track_053,golden-hour.wav,Golden hour,JVKE,"Pop [Dance-pop, K-pop, Synth-pop, Teen-pop]","Awe, Beauty & Transcendence",Beautiful / Aesthetic Appreciation,Jiexin,01_Processed_Data/audio/track_053.wav,01_Processed_Data/images/track_053.jpg,01_Processed_Data/lyrics/track_053.txt,0.09846637,0.24660337,0.17253487,-1.2187488,1.7895483,0.28539973
track_054,happy.wav,Happy,Pharrell Williams,"Pop [Dance-pop, K-pop, Synth-pop, Teen-pop]",Vital & Joyful,Amused / Playful,Jazlyn,01_Processed_Data/audio/track_054.wav,01_Processed_Data/images/track_054.jpg,01_Processed_Data/lyrics/track_054.txt,0.15711114,0.031662144,0.09438664,-0.3382676,-1.7603657,-1.0493166
track_055,hard-times.wav,Hard Times,Paramore,"Pop [Dance-pop, K-pop, Synth-pop, Teen-pop]",Vital & Joyful,Pumped Up / Energized,Sabria,01_Processed_Data/audio/track_055.wav,01_Processed_Data/images/track_055.jpg,01_Processed_Data/lyrics/track_055.txt,0.12542553,-0.032926567,0.046249483,-0.8139891,-2.8270962,-1.8205427
track_056,harvest-moon.wav,Harvest Moon,Neil Young,"Folk / Acoustic [Singer-songwriter, Traditional Folk, Americana]",Tender & Intimacy,Comforted / Safe,Bowen,01_Processed_Data/audio/track_056.wav,01_Processed_Data/images/track_056.jpg,01_Processed_Data/lyrics/track_056.txt,0.1828686,0.11414559,0.14850709,0.04844993,-0.39809027,-0.17482017
track_057,head-like-a-haunted-house.wav,Head Like a Haunted House,Queens of the Stone Age,"Rock [Alternative, Indie, Punk, Grunge, Classic Rock]","Dreaminess, Curiosity & Ambiguity",Mysterious / Enigmatic,Olivia,01_Processed_Data/audio/track_057.wav,01_Processed_Data/images/track_057.jpg,01_Processed_Data/lyrics/track_057.txt,0.21749586,0.08598025,0.15173805,0.56833684,-0.8632618,-0.14746249
track_058,heartbeats.wav,Heartbeats,José González,"Folk / Acoustic [Singer-songwriter, Traditional Folk, Americana]","Sadness, Loss & Lament",Bittersweet / Nostalgic,Bowen,01_Processed_Data/audio/track_058.wav,01_Processed_Data/images/track_058.jpg,01_Processed_Data/lyrics/track_058.txt,0.06115235,0.047018506,0.054085426,-1.778974,-1.506744,-1.642859
track_059,holocene.wav,Holocene,Bon Iver,"Folk / Acoustic [Singer-songwriter, Traditional Folk, Americana]","Dreaminess, Curiosity & Ambiguity",Dreamy / Floating,Jiexin,01_Processed_Data/audio/track_059.wav,01_Processed_Data/images/track_059.jpg,01_Processed_Data/lyrics/track_059.txt,0.1937434,0.049708556,0.12172598,0.21172196,-1.4623157,-0.62529683
track_060,home.wav,Home,Michael Buble,"Pop [Dance-pop, K-pop, Synth-pop, Teen-pop]",Tender & Intimacy,Comforted / Safe,Jazlyn,01_Processed_Data/audio/track_060.wav,01_Processed_Data/images/track_060.jpg,01_Processed_Data/lyrics/track_060.txt,0.25782225,0.1694347,0.21362847,1.1737894,0.51505035,0.84441984
track_061,hot-body.wav,Hot Body,Ayra Starr,"Pop [Dance-pop, K-pop, Synth-pop, Teen-pop]",Tender & Intimacy,Erotic / Sensual,Olivia,01_Processed_Data/audio/track_061.wav,01_Processed_Data/images/track_061.jpg,01_Processed_Data/lyrics/track_061.txt,0.28851634,0.100617416,0.19456688,1.6346246,-0.62151814,0.50655323
track_062,how-do-i-say-goodbye.wav,How Do I Say Goodbye,Dean Lewis,"Folk / Acoustic [Singer-songwriter, Traditional Folk, Americana]","Sadness, Loss & Lament",Grief-stricken / Mourning,Jiexin,01_Processed_Data/audio/track_062.wav,01_Processed_Data/images/track_062.jpg,01_Processed_Data/lyrics/track_062.txt,0.26797116,0.20976758,0.23886937,1.3261632,1.1811779,1.2536705
track_063,how-to-disappear-completely.wav,How to Disappear Completely,Radiohead,"Rock [Alternative, Indie, Punk, Grunge, Classic Rock]","Sadness, Loss & Lament",Melancholic / Brooding,Bowen,01_Processed_Data/audio/track_063.wav,01_Processed_Data/images/track_063.jpg,01_Processed_Data/lyrics/track_063.txt,0.17365798,0.13445447,0.15405622,-0.08983647,-0.06267401,-0.07625524
track_064,how-villains-are-made.wav,How Villains Are Made,Madalen Duke,"Ambient / Soundtrack [Film Score, Drone, Atmospheric, New Age]","Tension, Threat & Aggression",Fearful / Scary,Jiexin,01_Processed_Data/audio/track_064.wav,01_Processed_Data/images/track_064.jpg,01_Processed_Data/lyrics/track_064.txt,0.2659253,0.11043393,0.18817961,1.2954469,-0.45939115,0.41802788
track_065,human.wav,Human,Daughter,"Rock [Alternative, Indie, Punk, Grunge, Classic Rock]","Tension, Threat & Aggression",Anxious / Nervous,Jiexin,01_Processed_Data/audio/track_065.wav,01_Processed_Data/images/track_065.jpg,01_Processed_Data/lyrics/track_065.txt,0.21518728,0.19758748,0.20638737,0.5336763,0.9800144,0.75684536
track_066,hypnotize.wav,HYPNOTIZE,XG,"Pop [Dance-pop, K-pop, Synth-pop, Teen-pop]",Tender & Intimacy,Erotic / Sensual,Olivia,01_Processed_Data/audio/track_066.wav,01_Processed_Data/images/track_066.jpg,01_Processed_Data/lyrics/track_066.txt,0.046198454,0.20903218,0.12761532,-2.003489,1.1690322,-0.4172284
track_067,i-don't-fuck-with-you.wav,I Don't Fuck With You,Big Sean,"Hip-Hop [Rap, Trap, Boom Bap, Lo-fi, Grime]","Tension, Threat & Aggression",Angry / Aggressive,Sabria,01_Processed_Data/audio/track_067.wav,01_Processed_Data/images/track_067.jpg,01_Processed_Data/lyrics/track_067.txt,0.18781047,0.26458174,0.22619611,0.12264614,2.0864744,1.1045603
track_068,i-see-fire.wav,I See Fire,Ed Sheeran,"Folk / Acoustic [Singer-songwriter, Traditional Folk, Americana]","Awe, Beauty & Transcendence",Awe / Wonder,Jiexin,01_Processed_Data/audio/track_068.wav,01_Processed_Data/images/track_068.jpg,01_Processed_Data/lyrics/track_068.txt,0.11119433,0.104501486,0.10784791,-1.0276536,-0.5573699,-0.7925117
track_069,i-think.wav,I THINK,"Tyler, The Creator","R&B / Soul [Contemporary R&B, Neo-soul, Funk, Motown, Blues, Reggae]",Tender & Intimacy,Romantic / Loving,Olivia,01_Processed_Data/audio/track_069.wav,01_Processed_Data/images/track_069.jpg,01_Processed_Data/lyrics/track_069.txt,0.29176116,0.13279381,0.21227749,1.6833416,-0.09010104,0.7966203
track_070,if-i-go-im-goin.wav,"If I Go, I’m Goin",Gregory Alan Isakov,"Folk / Acoustic [Singer-songwriter, Traditional Folk, Americana]","Sadness, Loss & Lament",Bittersweet / Nostalgic,Jiexin,01_Processed_Data/audio/track_070.wav,01_Processed_Data/images/track_070.jpg,01_Processed_Data/lyrics/track_070.txt,0.16682436,0.16670607,0.16676521,-0.19243523,0.46998507,0.13877492
track_071,if.wav,If,Bread,"Pop [Dance-pop, K-pop, Synth-pop, Teen-pop]",Tender & Intimacy,Romantic / Loving,Jiexin,01_Processed_Data/audio/track_071.wav,01_Processed_Data/images/track_071.jpg,01_Processed_Data/lyrics/track_071.txt,0.13238095,0.20589934,0.16914015,-0.7095618,1.1172911,0.20386463
track_072,ii-hands-ii-heaven.wav,II HANDS II HEAVEN,Beyoncé,"Country [Contemporary Country, Bluegrass, Outlaw, Honky-tonk]","Dreaminess, Curiosity & Ambiguity",Curious / Intrigued,Olivia,01_Processed_Data/audio/track_072.wav,01_Processed_Data/images/track_072.jpg,01_Processed_Data/lyrics/track_072.txt,0.08455445,0.09334062,0.088947535,-1.4276196,-0.7416998,-1.0846597
track_073,in-case-you-dont-live-forever.wav,In Case You Don't Live Forever,Ben Platt,"Folk / Acoustic [Singer-songwriter, Traditional Folk, Americana]",Tender & Intimacy,Tender / Warm,Bowen,01_Processed_Data/audio/track_073.wav,01_Processed_Data/images/track_073.jpg,01_Processed_Data/lyrics/track_073.txt,0.22189718,0.22614393,0.22402056,0.6344175,1.4516454,1.0430315
track_074,in-my-room.wav,In My Room,Frank Ocean,"R&B / Soul [Contemporary R&B, Neo-soul, Funk, Motown, Blues, Reggae]","Dreaminess, Curiosity & Ambiguity",Conflicted / Mixed,Sabria,01_Processed_Data/audio/track_074.wav,01_Processed_Data/images/track_074.jpg,01_Processed_Data/lyrics/track_074.txt,0.19740759,0.12417512,0.16079135,0.26673546,-0.23244524,0.017145112
track_075,industry-baby.wav,Industry Baby,Lil Nas X,"Hip-Hop [Rap, Trap, Boom Bap, Lo-fi, Grime]",Vital & Joyful,Triumphant / Victorious,Olivia,01_Processed_Data/audio/track_075.wav,01_Processed_Data/images/track_075.jpg,01_Processed_Data/lyrics/track_075.txt,0.28979588,0.11609799,0.20294693,1.6538352,-0.36584502,0.64399505
track_076,is-this-a-cult.wav,IS THIS A CULT?,Melanie Martinez,"Rock [Alternative, Indie, Punk, Grunge, Classic Rock]","Tension, Threat & Aggression",Fearful / Scary,Olivia,01_Processed_Data/audio/track_076.wav,01_Processed_Data/images/track_076.jpg,01_Processed_Data/lyrics/track_076.txt,0.12771587,0.024215614,0.07596574,-0.7796024,-1.8833506,-1.3314764
track_077,isnt-she-lovely.wav,Isn’t she lovely,Stevie Wonder,"R&B / Soul [Contemporary R&B, Neo-soul, Funk, Motown, Blues, Reggae]",Vital & Joyful,Joyful / Happy,Jiexin,01_Processed_Data/audio/track_077.wav,01_Processed_Data/images/track_077.jpg,01_Processed_Data/lyrics/track_077.txt,0.25672185,0.103331864,0.18002686,1.1572683,-0.57668704,0.29029062
track_078,juna.wav,Juna,Clairo,"Pop [Dance-pop, K-pop, Synth-pop, Teen-pop]",Tender & Intimacy,Comforted / Safe,Sabria,01_Processed_Data/audio/track_078.wav,01_Processed_Data/images/track_078.jpg,01_Processed_Data/lyrics/track_078.txt,0.28596842,0.19997932,0.24297386,1.5963706,1.0195175,1.307944
track_079,karma-police.wav,Karma Police,Radiohead,"Rock [Alternative, Indie, Punk, Grunge, Classic Rock]","Awe, Beauty & Transcendence",Beautiful / Aesthetic Appreciation,Sabria,01_Processed_Data/audio/track_079.wav,01_Processed_Data/images/track_079.jpg,01_Processed_Data/lyrics/track_079.txt,0.12934102,0.03769045,0.08351573,-0.7552027,-1.6608038,-1.2080033
track_080,last-call.wav,Last Call,Hudson Thames,"Pop [Dance-pop, K-pop, Synth-pop, Teen-pop]","Awe, Beauty & Transcendence",Peaceful / Relaxed,Jazlyn,01_Processed_Data/audio/track_080.wav,01_Processed_Data/images/track_080.jpg,01_Processed_Data/lyrics/track_080.txt,0.13768037,0.128815,0.13324767,-0.6299974,-0.15581419,-0.39290577
track_081,last-resort.wav,Last Resort,Papa Roach,"Metal [Heavy Metal, Thrash, Doom, Metalcore, Black Metal]","Tension, Threat & Aggression",Tense / Agitated,Bowen,01_Processed_Data/audio/track_081.wav,01_Processed_Data/images/track_081.jpg,01_Processed_Data/lyrics/track_081.txt,0.15723626,0.20413406,0.18068516,-0.33638898,1.0881362,0.37587363
track_082,legends-never-die.wav,Legends Never Die,League of Legends,"Rock [Alternative, Indie, Punk, Grunge, Classic Rock]","Awe, Beauty & Transcendence",Awe / Wonder,Olivia,01_Processed_Data/audio/track_082.wav,01_Processed_Data/images/track_082.jpg,01_Processed_Data/lyrics/track_082.txt,0.2492252,0.13201597,0.19062059,1.0447149,-0.10294766,0.47088364
track_083,let-it-happen.wav,Let It Happen,Tame Impala,"Pop [Dance-pop, K-pop, Synth-pop, Teen-pop]","Awe, Beauty & Transcendence",Peaceful / Relaxed,Sabria,01_Processed_Data/audio/track_083.wav,01_Processed_Data/images/track_083.jpg,01_Processed_Data/lyrics/track_083.txt,0.1858728,0.16163738,0.17375508,0.0935543,0.3862719,0.2399131
track_084,little-trouble-girl.wav,Little Trouble Girl,Sonic Youth,"Rock [Alternative, Indie, Punk, Grunge, Classic Rock]","Tension, Threat & Aggression",Fearful / Scary,Sabria,01_Processed_Data/audio/track_084.wav,01_Processed_Data/images/track_084.jpg,01_Processed_Data/lyrics/track_084.txt,0.16485897,0.07070403,0.1177815,-0.22194318,-1.1155599,-0.66875154
track_085,lost-stars.wav,Lost Stars,Adam Levine,"Rock [Alternative, Indie, Punk, Grunge, Classic Rock]","Dreaminess, Curiosity & Ambiguity",Curious / Intrigued,Jazlyn,01_Processed_Data/audio/track_085.wav,01_Processed_Data/images/track_085.jpg,01_Processed_Data/lyrics/track_085.txt,0.10181769,0.10056472,0.10119121,-1.1684326,-0.6223885,-0.89541054
track_086,lost-woman-found.wav,Lost Woman Found,Arca,"Electronic [EDM, House, Techno, Dubstep, Trance]","Awe, Beauty & Transcendence",Transcendent / Spiritual,Sabria,01_Processed_Data/audio/track_086.wav,01_Processed_Data/images/track_086.jpg,01_Processed_Data/lyrics/track_086.txt,0.14001726,0.07525343,0.10763534,-0.5949118,-1.0404233,-0.81766754
track_087,lovers-rock.wav,Lovers Rock,TV Girl,"Rock [Alternative, Indie, Punk, Grunge, Classic Rock]",Tender & Intimacy,Tender / Warm,Sabria,01_Processed_Data/audio/track_087.wav,01_Processed_Data/images/track_087.jpg,01_Processed_Data/lyrics/track_087.txt,0.28679493,0.16009444,0.22344469,1.6087797,0.3607891,0.98478436
track_088,m.a.a.d-city.wav,m.A.A.d city,"Kendrick Lamar, MC Eiht","Hip-Hop [Rap, Trap, Boom Bap, Lo-fi, Grime]","Tension, Threat & Aggression",Fearful / Scary,Jazlyn,01_Processed_Data/audio/track_088.wav,01_Processed_Data/images/track_088.jpg,01_Processed_Data/lyrics/track_088.txt,0.26521185,0.29263994,0.2789259,1.2847354,2.5498765,1.917306
track_089,midnight-love.wav,Midnight Love,girl in red,"Rock [Alternative, Indie, Punk, Grunge, Classic Rock]","Sadness, Loss & Lament",Sad / Sorrowful,Olivia,01_Processed_Data/audio/track_089.wav,01_Processed_Data/images/track_089.jpg,01_Processed_Data/lyrics/track_089.txt,0.20420979,0.20310144,0.20365562,0.3688624,1.0710816,0.719972
track_090,money-diamonds-roses.wav,Money Diamonds Roses,Lolo Zouaï,"R&B / Soul [Contemporary R&B, Neo-soul, Funk, Motown, Blues, Reggae]","Dreaminess, Curiosity & Ambiguity",Conflicted / Mixed,Olivia,01_Processed_Data/audio/track_090.wav,01_Processed_Data/images/track_090.jpg,01_Processed_Data/lyrics/track_090.txt,0.17922841,0.1479095,0.16356896,-0.0062031713,0.15954585,0.07667134
track_091,moon-and-back.wav,moon and back,JVKE,"Pop [Dance-pop, K-pop, Synth-pop, Teen-pop]","Awe, Beauty & Transcendence",Beautiful / Aesthetic Appreciation,Jazlyn,01_Processed_Data/audio/track_091.wav,01_Processed_Data/images/track_091.jpg,01_Processed_Data/lyrics/track_091.txt,0.027105205,0.18931867,0.108211935,-2.2901511,0.843449,-0.72335106
track_092,my-generation.wav,My Generation,The Who,"Rock [Alternative, Indie, Punk, Grunge, Classic Rock]","Tension, Threat & Aggression",Angry / Aggressive,Olivia,01_Processed_Data/audio/track_092.wav,01_Processed_Data/images/track_092.jpg,01_Processed_Data/lyrics/track_092.txt,0.29939204,0.14063475,0.2200134,1.7979102,0.039397765,0.91865396
track_093,myth.wav,Myth,Beach House,"Pop [Dance-pop, K-pop, Synth-pop, Teen-pop]","Dreaminess, Curiosity & Ambiguity",Curious / Intrigued,Jiexin,01_Processed_Data/audio/track_093.wav,01_Processed_Data/images/track_093.jpg,01_Processed_Data/lyrics/track_093.txt,0.040097166,0.021605764,0.030851465,-2.0950925,-1.9264543,-2.0107734
track_094,never-ending-song.wav,Never Ending Song,Conan Gray,"Pop [Dance-pop, K-pop, Synth-pop, Teen-pop]","Tension, Threat & Aggression",Tense / Agitated,Jazlyn,01_Processed_Data/audio/track_094.wav,01_Processed_Data/images/track_094.jpg,01_Processed_Data/lyrics/track_094.txt,0.20058261,0.12940043,0.16499153,0.3144046,-0.14614527,0.08412967
track_095,not-a-catastrophe.wav,Not a Catastrophe,Tom Rosenthal,"Folk / Acoustic [Singer-songwriter, Traditional Folk, Americana]","Sadness, Loss & Lament",Bittersweet / Nostalgic,Olivia,01_Processed_Data/audio/track_095.wav,01_Processed_Data/images/track_095.jpg,01_Processed_Data/lyrics/track_095.txt,0.17189075,0.13040905,0.1511499,-0.11636936,-0.12948725,-0.12292831
track_096,nothing.wav,Nothing,Bruno Major,"Folk / Acoustic [Singer-songwriter, Traditional Folk, Americana]",Tender & Intimacy,Tender / Warm,Olivia,01_Processed_Data/audio/track_096.wav,01_Processed_Data/images/track_096.jpg,01_Processed_Data/lyrics/track_096.txt,0.17804877,0.16871132,0.17338005,-0.023913989,0.50310326,0.23959464
track_097,nymphology.wav,NYMPHOLOGY,Melanie Martinez,"Rock [Alternative, Indie, Punk, Grunge, Classic Rock]","Tension, Threat & Aggression",Tense / Agitated,Olivia,01_Processed_Data/audio/track_097.wav,01_Processed_Data/images/track_097.jpg,01_Processed_Data/lyrics/track_097.txt,0.2694036,0.15028986,0.20984674,1.3476696,0.19885921,0.7732644
track_098,old-friend.wav,Old Friend,Mitski,"Rock [Alternative, Indie, Punk, Grunge, Classic Rock]","Dreaminess, Curiosity & Ambiguity",Conflicted / Mixed,Bowen,01_Processed_Data/audio/track_098.wav,01_Processed_Data/images/track_098.jpg,01_Processed_Data/lyrics/track_098.txt,0.14556085,0.13992451,0.14274268,-0.51168144,0.027667722,-0.24200685
track_099,on-top-of-the-world.wav,On Top Of The World,Imagine Dragons,"Pop [Dance-pop, K-pop, Synth-pop, Teen-pop]",Vital & Joyful,Triumphant / Victorious,Bowen,01_Processed_Data/audio/track_099.wav,01_Processed_Data/images/track_099.jpg,01_Processed_Data/lyrics/track_099.txt,0.1131666,0.09011507,0.101640835,-0.9980423,-0.7949722,-0.89650726
track_100,one-step-closer.wav,One Step Closer,Linkin Park,"Metal [Heavy Metal, Thrash, Doom, Metalcore, Black Metal]","Tension, Threat & Aggression",Angry / Aggressive,Jazlyn,01_Processed_Data/audio/track_100.wav,01_Processed_Data/images/track_100.jpg,01_Processed_Data/lyrics/track_100.txt,0.23489203,0.21153128,0.22321165,0.8295195,1.2103068,1.0199132
track_101,oscar-winning-tears.wav,Oscar Winning Tears,RAYE,"Jazz [Bebop, Swing, Fusion, Smooth Jazz, Big Band, Blues]","Awe, Beauty & Transcendence",Beautiful / Aesthetic Appreciation,Olivia,01_Processed_Data/audio/track_101.wav,01_Processed_Data/images/track_101.jpg,01_Processed_Data/lyrics/track_101.txt,0.1608654,0.14622235,0.15354387,-0.2819019,0.13168125,-0.075110324
track_102,paper-hearts.wav,Paper Hearts,Tori Kelly,"Pop [Dance-pop, K-pop, Synth-pop, Teen-pop]",Tender & Intimacy,Romantic / Loving,Jazlyn,01_Processed_Data/audio/track_102.wav,01_Processed_Data/images/track_102.jpg,01_Processed_Data/lyrics/track_102.txt,0.22703019,0.17696628,0.20199823,0.7114834,0.63944006,0.67546177
track_103,permission-to-dance.wav,Permission to Dance,BTS,"Pop [Dance-pop, K-pop, Synth-pop, Teen-pop]",Vital & Joyful,Joyful / Happy,Jazlyn,01_Processed_Data/audio/track_103.wav,01_Processed_Data/images/track_103.jpg,01_Processed_Data/lyrics/track_103.txt,0.21491295,0.15866971,0.18679133,0.5295576,0.3372586,0.43340808
track_104,piece-of-you.wav,Piece Of You,Shawn Mendes,"Pop [Dance-pop, K-pop, Synth-pop, Teen-pop]","Tension, Threat & Aggression",Anxious / Nervous,Jazlyn,01_Processed_Data/audio/track_104.wav,01_Processed_Data/images/track_104.jpg,01_Processed_Data/lyrics/track_104.txt,0.11653207,0.16830403,0.14241806,-0.94751376,0.49637648,-0.22556864
track_105,psycho-killer.wav,Psycho Killer,Talking Heads,"Rock [Alternative, Indie, Punk, Grunge, Classic Rock]","Tension, Threat & Aggression",Fearful / Scary,Bowen,01_Processed_Data/audio/track_105.wav,01_Processed_Data/images/track_105.jpg,01_Processed_Data/lyrics/track_105.txt,0.23327962,0.15503564,0.19415763,0.8053111,0.27723932,0.5412752
track_106,raindance.wav,Raindance,Dave,"Hip-Hop [Rap, Trap, Boom Bap, Lo-fi, Grime]",Tender & Intimacy,Romantic / Loving,Sabria,01_Processed_Data/audio/track_106.wav,01_Processed_Data/images/track_106.jpg,01_Processed_Data/lyrics/track_106.txt,0.22310463,0.13644104,0.17977282,0.6525458,-0.029864443,0.3113407
track_107,real-love.wav,Real Love,Big Thief,"Folk / Acoustic [Singer-songwriter, Traditional Folk, Americana]","Sadness, Loss & Lament",Sad / Sorrowful,Sabria,01_Processed_Data/audio/track_107.wav,01_Processed_Data/images/track_107.jpg,01_Processed_Data/lyrics/track_107.txt,0.1499828,0.087302834,0.118642814,-0.44529113,-0.8414184,-0.6433548
track_108,red-eye.wav,Red Eye,Justin Bieber / TroyBoi,"Electronic [EDM, House, Techno, Dubstep, Trance]","Dreaminess, Curiosity & Ambiguity",Conflicted / Mixed,Jazlyn,01_Processed_Data/audio/track_108.wav,01_Processed_Data/images/track_108.jpg,01_Processed_Data/lyrics/track_108.txt,0.18450448,0.09255557,0.13853002,0.0730107,-0.75466555,-0.34082744
track_109,revolve.wav,Revolve,Aden Foyer,"Pop [Dance-pop, K-pop, Synth-pop, Teen-pop]","Awe, Beauty & Transcendence",Awe / Wonder,Jazlyn,01_Processed_Data/audio/track_109.wav,01_Processed_Data/images/track_109.jpg,01_Processed_Data/lyrics/track_109.txt,0.26037994,0.20268188,0.2315309,1.2121902,1.0641524,1.1381712
track_110,risky.wav,Risky,gæb,"Rock [Alternative, Indie, Punk, Grunge, Classic Rock]","Dreaminess, Curiosity & Ambiguity",Conflicted / Mixed,Bowen,01_Processed_Data/audio/track_110.wav,01_Processed_Data/images/track_110.jpg,01_Processed_Data/lyrics/track_110.txt,0.12343493,0.10916471,0.11629982,-0.8438756,-0.4803533,-0.66211444
track_111,run-to-me.wav,Run to me,Bee Gees ,"Pop [Dance-pop, K-pop, Synth-pop, Teen-pop]",Tender & Intimacy,Comforted / Safe,Jiexin,01_Processed_Data/audio/track_111.wav,01_Processed_Data/images/track_111.jpg,01_Processed_Data/lyrics/track_111.txt,0.1232951,0.16983196,0.14656353,-0.84597504,0.52161145,-0.1621818
track_112,saturn.wav,Saturn,Sleeping At Last,"Ambient / Soundtrack [Film Score, Drone, Atmospheric, New Age]","Awe, Beauty & Transcendence",Transcendent / Spiritual,Jiexin,01_Processed_Data/audio/track_112.wav,01_Processed_Data/images/track_112.jpg,01_Processed_Data/lyrics/track_112.txt,0.22043227,0.20989814,0.2151652,0.6124235,1.1833342,0.8978789
track_113,say-something.wav,Say Something,A Great Big World,"Folk / Acoustic [Singer-songwriter, Traditional Folk, Americana]","Sadness, Loss & Lament",Sad / Sorrowful,Jiexin,01_Processed_Data/audio/track_113.wav,01_Processed_Data/images/track_113.jpg,01_Processed_Data/lyrics/track_113.txt,0.15427971,0.20785615,0.18106793,-0.3807781,1.1496092,0.38441557
track_114,scarborough-fair.wav,Scarborough Fair,Sarah Brightman,"Folk / Acoustic [Singer-songwriter, Traditional Folk, Americana]","Dreaminess, Curiosity & Ambiguity",Mysterious / Enigmatic,Jazlyn,01_Processed_Data/audio/track_114.wav,01_Processed_Data/images/track_114.jpg,01_Processed_Data/lyrics/track_114.txt,0.19575965,0.053504176,0.12463191,0.24199371,-1.3996283,-0.5788173
track_115,seasons-of-love.wav,Seasons of Love,Pentatonix,"Pop [Dance-pop, K-pop, Synth-pop, Teen-pop]",Vital & Joyful,Joyful / Happy,Jazlyn,01_Processed_Data/audio/track_115.wav,01_Processed_Data/images/track_115.jpg,01_Processed_Data/lyrics/track_115.txt,0.21064726,0.07465322,0.14265025,0.46551326,-1.0503361,-0.29241145
track_116,shiny-happy-people.wav,Shiny Happy People,R.E.M.,"Rock [Alternative, Indie, Punk, Grunge, Classic Rock]",Vital & Joyful,Joyful / Happy,Bowen,01_Processed_Data/audio/track_116.wav,01_Processed_Data/images/track_116.jpg,01_Processed_Data/lyrics/track_116.txt,0.12687837,0.03998536,0.08343186,-0.79217654,-1.6229017,-1.2075391
track_117,slow-dancing-in-a-burning-room.wav,Slow Dancing in a Burning Room,John Mayer,"Jazz [Bebop, Swing, Fusion, Smooth Jazz, Big Band, Blues]","Dreaminess, Curiosity & Ambiguity",Dreamy / Floating,Jazlyn,01_Processed_Data/audio/track_117.wav,01_Processed_Data/images/track_117.jpg,01_Processed_Data/lyrics/track_117.txt,0.2032012,0.19666582,0.19993351,0.35371968,0.96479267,0.65925616
track_118,smells-like-teen-spirit.wav,Smells Like Teen Spirit,Nirvana,"Rock [Alternative, Indie, Punk, Grunge, Classic Rock]","Sadness, Loss & Lament",Melancholic / Brooding,Bowen,01_Processed_Data/audio/track_118.wav,01_Processed_Data/images/track_118.jpg,01_Processed_Data/lyrics/track_118.txt,0.1867446,0.13432577,0.16053519,0.106643446,-0.06479961,0.02092192
track_119,snow-on-the-beach.wav,Snow On The Beach,Taylor Swift,"Pop [Dance-pop, K-pop, Synth-pop, Teen-pop]","Dreaminess, Curiosity & Ambiguity",Dreamy / Floating,Olivia,01_Processed_Data/audio/track_119.wav,01_Processed_Data/images/track_119.jpg,01_Processed_Data/lyrics/track_119.txt,0.22963321,0.21518196,0.22240758,0.7505647,1.2706004,1.0105826
track_120,sometimes-i-believe-in-god-(sometimes-i-believe-in-me).wav,Sometimes I Believe in God (Sometimes I Believe in Me),Bassvictim,"Electronic [EDM, House, Techno, Dubstep, Trance]","Dreaminess, Curiosity & Ambiguity",Curious / Intrigued,Sabria,01_Processed_Data/audio/track_120.wav,01_Processed_Data/images/track_120.jpg,01_Processed_Data/lyrics/track_120.txt,0.07323582,0.068839535,0.07103768,-1.5975553,-1.1463535,-1.3719544
track_121,somewhere-over-the-rainbow.wav,Somewhere Over the Rainbow,Israel Kamakawiwo'ole,"Folk / Acoustic [Singer-songwriter, Traditional Folk, Americana]","Awe, Beauty & Transcendence",Peaceful / Relaxed,Bowen,01_Processed_Data/audio/track_121.wav,01_Processed_Data/images/track_121.jpg,01_Processed_Data/lyrics/track_121.txt,0.22592692,0.17258114,0.19925404,0.69491917,0.5670161,0.6309676
track_122,song-to-the-siren.wav,Song to the Siren,This Mortal Coil,"Pop [Dance-pop, K-pop, Synth-pop, Teen-pop]","Dreaminess, Curiosity & Ambiguity",Mysterious / Enigmatic,Bowen,01_Processed_Data/audio/track_122.wav,01_Processed_Data/images/track_122.jpg,01_Processed_Data/lyrics/track_122.txt,0.2582181,0.15130776,0.20476294,1.1797328,0.21567056,0.6977017
track_123,space-song.wav,Space Song,Beach House,"Pop [Dance-pop, K-pop, Synth-pop, Teen-pop]","Dreaminess, Curiosity & Ambiguity",Mysterious / Enigmatic,Jiexin,01_Processed_Data/audio/track_123.wav,01_Processed_Data/images/track_123.jpg,01_Processed_Data/lyrics/track_123.txt,0.114656165,0.07757851,0.09611733,-0.97567827,-1.0020229,-0.9888506
track_124,sparks.wav,Sparks,Coldplay,"Rock [Alternative, Indie, Punk, Grunge, Classic Rock]","Sadness, Loss & Lament",Melancholic / Brooding,Olivia,01_Processed_Data/audio/track_124.wav,01_Processed_Data/images/track_124.jpg,01_Processed_Data/lyrics/track_124.txt,0.08563316,0.15242204,0.1190276,-1.411424,0.2340737,-0.58867514
track_125,stay.wav,Stay,Rihanna,"Pop [Dance-pop, K-pop, Synth-pop, Teen-pop]","Awe, Beauty & Transcendence",Awe / Wonder,Sabria,01_Processed_Data/audio/track_125.wav,01_Processed_Data/images/track_125.jpg,01_Processed_Data/lyrics/track_125.txt,0.12364357,0.19485913,0.15925135,-0.8407431,0.9349538,0.047105342
track_126,sugar.wav,Sugar,Maroon 5,"Pop [Dance-pop, K-pop, Synth-pop, Teen-pop]",Vital & Joyful,Pumped Up / Energized,Jazlyn,01_Processed_Data/audio/track_126.wav,01_Processed_Data/images/track_126.jpg,01_Processed_Data/lyrics/track_126.txt,0.1973656,0.18058215,0.18897387,0.26610503,0.69915885,0.48263192
track_127,sweet-baby-james.wav,Sweet Baby James,James Taylor,"Folk / Acoustic [Singer-songwriter, Traditional Folk, Americana]",Tender & Intimacy,Comforted / Safe,Bowen,01_Processed_Data/audio/track_127.wav,01_Processed_Data/images/track_127.jpg,01_Processed_Data/lyrics/track_127.txt,0.1358457,0.33165777,0.23375174,-0.65754265,3.194285,1.2683711
track_128,tears-and-rain.wav,Tears and Rain,James Blunt,"Folk / Acoustic [Singer-songwriter, Traditional Folk, Americana]","Sadness, Loss & Lament",Sad / Sorrowful,Bowen,01_Processed_Data/audio/track_128.wav,01_Processed_Data/images/track_128.jpg,01_Processed_Data/lyrics/track_128.txt,0.10213176,0.10998386,0.10605781,-1.1637173,-0.46682435,-0.8152708
track_129,the-final-countdown.wav,The Final Count Down ,Europe,"Metal [Heavy Metal, Thrash, Doom, Metalcore, Black Metal]",Vital & Joyful,Triumphant / Victorious,Bowen,01_Processed_Data/audio/track_129.wav,01_Processed_Data/images/track_129.jpg,01_Processed_Data/lyrics/track_129.txt,0.20899877,0.14558193,0.17729035,0.4407632,0.12110421,0.2809337
track_130,the-seal-lullaby.wav,The Seal Lullaby,Eric Whitacre,"Classical [Orchestral, Baroque, Chamber, Opera, Romantic]","Dreaminess, Curiosity & Ambiguity",Dreamy / Floating,Jazlyn,01_Processed_Data/audio/track_130.wav,01_Processed_Data/images/track_130.jpg,01_Processed_Data/lyrics/track_130.txt,0.09174359,0.12036887,0.10605623,-1.3196832,-0.29530826,-0.8074957
track_131,the-way-things-go.wav,The Way Things Go,beabadoobee,"Rock [Alternative, Indie, Punk, Grunge, Classic Rock]","Sadness, Loss & Lament",Bittersweet / Nostalgic,Sabria,01_Processed_Data/audio/track_131.wav,01_Processed_Data/images/track_131.jpg,01_Processed_Data/lyrics/track_131.txt,0.15323496,0.1339872,0.14361107,-0.39646378,-0.070391335,-0.23342755
track_132,thinking-clean.wav,Thinking Clean,Blood Orange,"R&B / Soul [Contemporary R&B, Neo-soul, Funk, Motown, Blues, Reggae]","Dreaminess, Curiosity & Ambiguity",Conflicted / Mixed,Sabria,01_Processed_Data/audio/track_132.wav,01_Processed_Data/images/track_132.jpg,01_Processed_Data/lyrics/track_132.txt,0.22081514,0.13316762,0.17699137,0.6181719,-0.08392728,0.2671223
track_133,this-time.wav,This Time,Jeff Bernat,"R&B / Soul [Contemporary R&B, Neo-soul, Funk, Motown, Blues, Reggae]",Tender & Intimacy,Erotic / Sensual,Jazlyn,01_Processed_Data/audio/track_133.wav,01_Processed_Data/images/track_133.jpg,01_Processed_Data/lyrics/track_133.txt,0.23635057,0.14610662,0.1912286,0.8514178,0.12976977,0.4905938
track_134,tit-for-tat.wav,TIT FOR TAT,Tate McRae,"Pop [Dance-pop, K-pop, Synth-pop, Teen-pop]","Tension, Threat & Aggression",Angry / Aggressive,Olivia,01_Processed_Data/audio/track_134.wav,01_Processed_Data/images/track_134.jpg,01_Processed_Data/lyrics/track_134.txt,0.28242847,0.13297485,0.20770165,1.5432224,-0.08711113,0.72805566
track_135,too-good-at-goodbyes.wav,Too Good At Goodbyes,Sam Smith,"R&B / Soul [Contemporary R&B, Neo-soul, Funk, Motown, Blues, Reggae]","Sadness, Loss & Lament",Melancholic / Brooding,Jazlyn,01_Processed_Data/audio/track_135.wav,01_Processed_Data/images/track_135.jpg,01_Processed_Data/lyrics/track_135.txt,0.17180222,0.13336891,0.15258557,-0.117698506,-0.080602914,-0.09915071
track_136,too-sweet.wav,Too Sweet,Hozier,"R&B / Soul [Contemporary R&B, Neo-soul, Funk, Motown, Blues, Reggae]",Vital & Joyful,Amused / Playful,Jiexin,01_Processed_Data/audio/track_136.wav,01_Processed_Data/images/track_136.jpg,01_Processed_Data/lyrics/track_136.txt,0.18605286,0.11143121,0.14874204,0.09625777,-0.4429203,-0.17333126
track_137,unstoppable.wav,Unstoppable,Sia,"Pop [Dance-pop, K-pop, Synth-pop, Teen-pop]",Vital & Joyful,Triumphant / Victorious,Jiexin,01_Processed_Data/audio/track_137.wav,01_Processed_Data/images/track_137.jpg,01_Processed_Data/lyrics/track_137.txt,0.19355164,0.15447849,0.17401507,0.20884308,0.2680375,0.23844029
track_138,valder-fields.wav,Valder Fields,Tamas Wells,"Folk / Acoustic [Singer-songwriter, Traditional Folk, Americana]","Awe, Beauty & Transcendence",Peaceful / Relaxed,Olivia,01_Processed_Data/audio/track_138.wav,01_Processed_Data/images/track_138.jpg,01_Processed_Data/lyrics/track_138.txt,0.0946468,0.07637301,0.085509904,-1.276095,-1.0219325,-1.1490138
track_139,viva-la-vida.wav,Viva La Vida,Coldplay,"Rock [Alternative, Indie, Punk, Grunge, Classic Rock]",Vital & Joyful,Triumphant / Victorious,Jazlyn,01_Processed_Data/audio/track_139.wav,01_Processed_Data/images/track_139.jpg,01_Processed_Data/lyrics/track_139.txt,0.08830686,0.11289206,0.10059946,-1.3712816,-0.41879326,-0.8950374
track_140,wake-me-up-before-you-go-go.wav,Wake Me Up Before You Go-Go,Wham!,"Pop [Dance-pop, K-pop, Synth-pop, Teen-pop]",Vital & Joyful,Amused / Playful,Bowen,01_Processed_Data/audio/track_140.wav,01_Processed_Data/images/track_140.jpg,01_Processed_Data/lyrics/track_140.txt,0.20865224,0.15319863,0.18092543,0.43556052,0.24689965,0.3412301
track_141,warm-sound.wav,Warm Sound,Zero 7,"Electronic [EDM, House, Techno, Dubstep, Trance]","Dreaminess, Curiosity & Ambiguity",Curious / Intrigued,Bowen,01_Processed_Data/audio/track_141.wav,01_Processed_Data/images/track_141.jpg,01_Processed_Data/lyrics/track_141.txt,0.10209848,0.058238976,0.080168724,-1.1642169,-1.3214296,-1.2428232
track_142,watching-him-fade-away.wav,Watching Him Fade Away,Mac DeMarco,"Rock [Alternative, Indie, Punk, Grunge, Classic Rock]","Sadness, Loss & Lament",Grief-stricken / Mourning,Sabria,01_Processed_Data/audio/track_142.wav,01_Processed_Data/images/track_142.jpg,01_Processed_Data/lyrics/track_142.txt,0.15229574,0.19367704,0.17298639,-0.41056505,0.9154306,0.25243276
track_143,water.wav,Water,Tyla,"R&B / Soul [Contemporary R&B, Neo-soul, Funk, Motown, Blues, Reggae]",Tender & Intimacy,Erotic / Sensual,Sabria,01_Processed_Data/audio/track_143.wav,01_Processed_Data/images/track_143.jpg,01_Processed_Data/lyrics/track_143.txt,0.36522746,0.13027017,0.24774882,2.7863503,-0.13178092,1.3272847
track_144,we-dont-count.wav,We Don't Count,Yves Tumor ft. Nina,"R&B / Soul [Contemporary R&B, Neo-soul, Funk, Motown, Blues, Reggae]","Tension, Threat & Aggression",Tense / Agitated,Sabria,01_Processed_Data/audio/track_144.wav,01_Processed_Data/images/track_144.jpg,01_Processed_Data/lyrics/track_144.txt,0.26592445,0.0713353,0.16862988,1.2954344,-1.105134,0.09515017
track_145,welcome-to-my-nightmare.wav,Welcome to My Nightmare,Alice Cooper,"Rock [Alternative, Indie, Punk, Grunge, Classic Rock]","Tension, Threat & Aggression",Fearful / Scary,Bowen,01_Processed_Data/audio/track_145.wav,01_Processed_Data/images/track_145.jpg,01_Processed_Data/lyrics/track_145.txt,0.1053271,0.08531006,0.09531858,-1.115743,-0.8743306,-0.99503684
track_146,what-was-i-made-for.wav,What Was I Made For?,Billie Eilish,"Pop [Dance-pop, K-pop, Synth-pop, Teen-pop]","Sadness, Loss & Lament",Melancholic / Brooding,Jiexin,01_Processed_Data/audio/track_146.wav,01_Processed_Data/images/track_146.jpg,01_Processed_Data/lyrics/track_146.txt,0.15533473,0.1837002,0.16951746,-0.3649383,0.75065583,0.19285877
track_147,why-i-love-you.wav,Why I Love You,Jay-Z,"Hip-Hop [Rap, Trap, Boom Bap, Lo-fi, Grime]","Dreaminess, Curiosity & Ambiguity",Conflicted / Mixed,Sabria,01_Processed_Data/audio/track_147.wav,01_Processed_Data/images/track_147.jpg,01_Processed_Data/lyrics/track_147.txt,0.06859518,0.03152355,0.050059363,-1.6672289,-1.7626545,-1.7149417
track_148,wicked-game.wav,Wicked Game,Chris Isaak,"Rock [Alternative, Indie, Punk, Grunge, Classic Rock]",Tender & Intimacy,Erotic / Sensual,Bowen,01_Processed_Data/audio/track_148.wav,01_Processed_Data/images/track_148.jpg,01_Processed_Data/lyrics/track_148.txt,0.055196725,0.053551853,0.05437429,-1.8683907,-1.3988409,-1.6336157
track_149,young-and-beautiful.wav,Young and Beautiful,Lana Del Rey,"Rock [Alternative, Indie, Punk, Grunge, Classic Rock]","Awe, Beauty & Transcendence",Beautiful / Aesthetic Appreciation,Olivia,01_Processed_Data/audio/track_149.wav,01_Processed_Data/images/track_149.jpg,01_Processed_Data/lyrics/track_149.txt,0.17404157,0.12877667,0.15140912,-0.08407739,-0.15644717,-0.12026228
track_150,zen.wav,Zen,JENNIE,"Pop [Dance-pop, K-pop, Synth-pop, Teen-pop]","Awe, Beauty & Transcendence",Transcendent / Spiritual,Olivia,01_Processed_Data/audio/track_150.wav,01_Processed_Data/images/track_150.jpg,01_Processed_Data/lyrics/track_150.txt,0.19399482,0.056662228,0.12532853,0.21549684,-1.3474706,-0.5659869
